{
    "RMSE": 620.2395032722251,
    "MAE": 461.85243830650836,
    "R2": 0.9972487701481385,
    "MAPE": 0.998107381143546,
    "CV_RMSE": 1.240315828720561
}